OP Type,Op Name,total_time_us,calls,max_time_us,avg_time_us
,Conv2D32,14433.332,4,3611.083,3608.333
,BatchMatMul413,21682.914,8,2724.083,2710.36425
,MaxPoolWithArgmaxV140,10322.208,4,2587.271,2580.552
,SoftmaxV2414,15468.624,8,1976.458,1933.578
,MatMul421,13153.748,8,1743.104,1644.2185
,MatMul419,11980.792,8,1535.229,1497.599
,BatchMatMul415,10923.542,8,1552.896,1365.44275
,Relu39,4784.042,4,1215.188,1196.0105
,Add38,4270.376,4,1084.167,1067.594
,Mul37,4050.46,4,1022.292,1012.615
,Conv2D76,9393.666000000001,12,810.979,782.8055
,ReduceMean417,5802.666,8,733.833,725.33325
,AsStrided96,5186.668,8,650.771,648.3335
,AsStrided98,5181.46,8,650.438,647.6825
,trans_TransData_18,2371.916,4,593.146,592.979
,MatMul438,1036.0,2,518.0,518.0
,Conv2D65,5372.002,12,469.542,447.6668333333334
,Sub26,1756.376,4,464.917,439.094
,Conv2D41,7007.916,16,541.604,437.99475
,BatchMatMul434,836.042,2,418.021,418.021
,Cast31,1670.25,4,455.479,417.5625
,RealDiv28,1654.29,4,440.062,413.5725
,Conv2D54,4865.958,12,408.625,405.49649999999997
,Relu420,3095.792,8,409.438,386.974
,Conv2D68,1489.126,4,378.688,372.2815
,Add45,2977.416,8,384.75,372.177
,MatMul440,667.75,2,333.875,333.875
,SoftmaxV2435,592.584,2,296.292,296.292
,Conv2D57,1146.6660000000002,4,287.0,286.66650000000004
,LayerNorm418,3653.208,16,230.25,228.3255
,Conv2D46,851.376,4,214.5,212.844
,Transpose412,2103.25,10,227.417,210.325
,MatMul409,6982.416,36,262.229,193.95600000000002
,Conv2D55,652.876,4,166.75,163.219
,Transpose102,632.208,4,161.646,158.052
,Add56,1206.666,8,159.958,150.83325
,Mul42,2385.748,16,192.229,149.10925
,Relu44,2177.916,16,146.958,136.11975
,Add43,2131.418,16,133.875,133.213625
,SoftmaxV2429,237.25,2,118.625,118.625
,Conv2D104,426.95799999999997,4,108.917,106.73949999999999
,Transpose416,840.71,8,106.667,105.08875
,Conv2D66,414.376,4,121.5,103.594
,trans_TransData_55,123554.258,1200,131.208,102.96188166666667
,Transpose410,1748.21,18,122.438,97.12277777777778
,Add408,2169.79,26,102.396,83.45346153846154
,ReduceMean437,158.376,2,79.188,79.188
,Conv2D77,311.168,4,78.917,77.792
,BatchMatMul436,151.416,2,75.708,75.708
,Mul51,1337.042,20,68.771,66.8521
,Add52,1332.458,20,68.146,66.6229
,Relu53,1042.958,16,67.333,65.184875
,MatMul424,729.332,12,76.208,60.77766666666667
,Transpose427,119.458,2,59.729,59.729
,Add67,468.834,8,70.438,58.60425
,Cumsum82,228.25,4,57.167,57.0625
,Cos99,450.584,8,57.375,56.323
,Sin97,439.914,8,56.458,54.98925
,ConcatD101,179.042,4,45.792,44.7605
,Pack407/PackBase_node0,160.792,4,40.896,40.198
,Relu439,74.292,2,37.146,37.146
,Mul411,280.502,8,36.167,35.06275
,LayerNorm433,277.45799999999997,8,36.104,34.682249999999996
,Add63,680.252,20,34.979,34.0126
,Mul62,675.626,20,34.938,33.7813
,Relu64,539.414,16,35.312,33.713375
,Pack100,249.5,8,32.896,31.1875
,BatchMatMul430,62.334,2,31.167,31.167
,Add78,236.834,8,33.896,29.60425
,BatchMatMul428,51.624,2,25.812,25.812
,Cast103,98.666,4,25.333,24.6665
,Mul73,461.502,20,27.042,23.0751
,Transpose431,85.542,4,22.625,21.3855
,AsStrided106,169.248,8,36.604,21.156
,Add74,365.794,20,19.146,18.2897
,Relu75,288.002,16,20.042,18.000125
,Transpose425,105.25,6,18.604,17.541666666666668
,ReduceMean432,32.834,2,16.417,16.417
,AsStrided260,125.208,8,17.896,15.651
,AsStrided253,122.084,8,17.708,15.2605
,AsStrided243,121.874,8,16.458,15.23425
,AsStrided256,121.834,8,16.979,15.22925
,AsStrided337,121.542,8,16.979,15.19275
,AsStrided374,121.292,8,16.333,15.1615
,AsStrided246,120.958,8,16.958,15.11975
,AsStrided238,120.792,8,16.771,15.099
,AsStrided223,120.75,8,16.542,15.09375
,AsStrided254,120.582,8,16.854,15.07275
,AsStrided200,120.5,8,16.625,15.0625
,AsStrided287,120.334,8,16.417,15.04175
,AsStrided270,120.334,8,16.958,15.04175
,AsStrided197,120.25,8,16.896,15.03125
,AsStrided201,120.168,8,16.75,15.021
,AsStrided280,120.122,8,16.333,15.01525
,AsStrided120,120.0,8,16.542,15.0
,AsStrided229,119.916,8,17.021,14.9895
,AsStrided208,119.834,8,16.667,14.97925
,AsStrided250,119.834,8,16.521,14.97925
,AsStrided182,119.792,8,16.458,14.974
,AsStrided293,119.75,8,17.146,14.96875
,AsStrided193,119.666,8,16.708,14.95825
,AsStrided111,119.626,8,16.438,14.95325
,AsStrided320,119.626,8,17.146,14.95325
,AsStrided339,119.624,8,16.812,14.953
,AsStrided251,119.542,8,16.417,14.94275
,AsStrided225,119.5,8,16.438,14.9375
,AsStrided334,119.5,8,16.729,14.9375
,AsStrided381,119.46000000000001,8,15.917,14.932500000000001
,AsStrided400,119.416,8,16.188,14.927
,AsStrided163,119.416,8,16.458,14.927
,AsStrided389,119.416,8,16.021,14.927
,AsStrided167,119.41399999999999,8,16.583,14.926749999999998
,AsStrided241,119.374,8,16.625,14.92175
,AsStrided231,119.374,8,16.583,14.92175
,AsStrided318,119.374,8,16.625,14.92175
,AsStrided127,119.374,8,16.562,14.92175
,AsStrided264,119.334,8,16.896,14.91675
,AsStrided216,119.334,8,16.667,14.91675
,AsStrided228,119.334,8,16.5,14.91675
,AsStrided220,119.292,8,16.771,14.9115
,AsStrided265,119.292,8,16.5,14.9115
,AsStrided233,119.292,8,16.729,14.9115
,AsStrided282,119.292,8,16.896,14.9115
,AsStrided219,119.25200000000001,8,16.542,14.906500000000001
,AsStrided328,119.25,8,17.125,14.90625
,AsStrided335,119.21000000000001,8,16.5,14.901250000000001
,AsStrided263,119.208,8,16.646,14.901
,AsStrided170,119.208,8,16.896,14.901
,AsStrided302,119.208,8,16.458,14.901
,AsStrided110,119.206,8,16.312,14.90075
,AsStrided333,119.168,8,16.521,14.896
,AsStrided317,119.166,8,16.542,14.89575
,AsStrided308,119.124,8,16.583,14.8905
,AsStrided338,119.124,8,16.312,14.8905
,AsStrided257,119.084,8,16.625,14.8855
,AsStrided309,119.084,8,16.396,14.8855
,AsStrided312,119.042,8,16.771,14.88025
,AsStrided336,119.042,8,16.625,14.88025
,AsStrided296,119.0,8,16.604,14.875
,AsStrided393,119.0,8,16.146,14.875
,AsStrided213,119.0,8,16.5,14.875
,AsStrided158,119.0,8,17.0,14.875
,AsStrided394,118.998,8,16.312,14.87475
,AsStrided376,118.96000000000001,8,16.271,14.870000000000001
,AsStrided153,118.96000000000001,8,16.542,14.870000000000001
,AsStrided325,118.958,8,16.521,14.86975
,AsStrided136,118.958,8,16.896,14.86975
,AsStrided370,118.918,8,16.167,14.86475
,AsStrided299,118.916,8,16.625,14.8645
,AsStrided203,118.916,8,16.812,14.8645
,AsStrided227,118.916,8,16.854,14.8645
,AsStrided121,118.876,8,17.396,14.8595
,AsStrided159,118.876,8,16.625,14.8595
,AsStrided261,118.876,8,16.417,14.8595
,AsStrided235,118.876,8,16.479,14.8595
,AsStrided148,118.836,8,16.188,14.8545
,AsStrided149,118.834,8,16.75,14.85425
,AsStrided366,118.834,8,16.188,14.85425
,AsStrided210,118.834,8,16.083,14.85425
,AsStrided207,118.834,8,16.625,14.85425
,AsStrided279,118.834,8,16.625,14.85425
,AsStrided234,118.792,8,16.375,14.849
,AsStrided139,118.792,8,16.5,14.849
,AsStrided152,118.792,8,17.062,14.849
,AsStrided283,118.75,8,16.833,14.84375
,AsStrided285,118.75,8,16.854,14.84375
,AsStrided242,118.71000000000001,8,16.396,14.838750000000001
,AsStrided385,118.666,8,16.208,14.83325
,AsStrided327,118.628,8,16.542,14.8285
,AsStrided224,118.626,8,16.625,14.82825
,AsStrided322,118.626,8,16.688,14.82825
,AsStrided306,118.626,8,16.604,14.82825
,AsStrided144,118.624,8,16.271,14.828
,AsStrided165,118.584,8,16.583,14.823
,AsStrided294,118.584,8,16.771,14.823
,AsStrided249,118.584,8,16.375,14.823
,AsStrided326,118.584,8,17.104,14.823
,AsStrided164,118.584,8,17.104,14.823
,AsStrided332,118.582,8,16.812,14.82275
,AsStrided175,118.582,8,16.604,14.82275
,AsStrided291,118.542,8,16.583,14.81775
,AsStrided232,118.542,8,16.688,14.81775
,AsStrided301,118.542,8,16.521,14.81775
,AsStrided315,118.542,8,16.646,14.81775
,AsStrided342,118.542,8,16.792,14.81775
,AsStrided395,118.542,8,16.354,14.81775
,AsStrided329,118.542,8,16.583,14.81775
,AsStrided187,118.54,8,16.562,14.8175
,AsStrided151,118.50200000000001,8,16.667,14.812750000000001
,AsStrided255,118.5,8,16.646,14.8125
,AsStrided289,118.5,8,16.583,14.8125
,AsStrided206,118.5,8,16.083,14.8125
,AsStrided341,118.49799999999999,8,16.583,14.812249999999999
,AsStrided286,118.45599999999999,8,16.333,14.806999999999999
,AsStrided275,118.418,8,16.417,14.80225
,AsStrided239,118.376,8,16.229,14.797
,AsStrided273,118.376,8,16.688,14.797
,AsStrided267,118.376,8,16.438,14.797
,AsStrided245,118.374,8,16.5,14.79675
,AsStrided268,118.374,8,16.729,14.79675
,AsStrided258,118.334,8,16.708,14.79175
,AsStrided371,118.334,8,16.312,14.79175
,AsStrided274,118.33,8,16.833,14.79125
,AsStrided298,118.292,8,16.792,14.7865
,AsStrided362,118.292,8,16.396,14.7865
,AsStrided221,118.292,8,17.104,14.7865
,AsStrided351,118.292,8,16.417,14.7865
,AsStrided133,118.25,8,16.25,14.78125
,AsStrided248,118.25,8,16.271,14.78125
,AsStrided117,118.25,8,16.562,14.78125
,AsStrided305,118.248,8,16.375,14.781
,AsStrided179,118.24799999999999,8,16.583,14.780999999999999
,AsStrided184,118.24799999999999,8,16.458,14.780999999999999
,AsStrided131,118.21000000000001,8,16.625,14.776250000000001
,AsStrided217,118.208,8,16.75,14.776
,AsStrided303,118.208,8,16.667,14.776
,AsStrided284,118.208,8,16.396,14.776
,AsStrided359,118.208,8,15.979,14.776
,AsStrided316,118.168,8,16.875,14.771
,AsStrided218,118.168,8,16.688,14.771
,AsStrided226,118.166,8,16.875,14.77075
,AsStrided321,118.166,8,16.5,14.77075
,AsStrided331,118.166,8,16.333,14.77075
,AsStrided237,118.128,8,16.292,14.766
,AsStrided116,118.126,8,16.875,14.76575
,AsStrided123,118.126,8,16.125,14.76575
,AsStrided330,118.084,8,16.521,14.7605
,AsStrided215,118.04400000000001,8,16.667,14.755500000000001
,AsStrided382,118.044,8,16.438,14.7555
,AsStrided252,118.044,8,16.438,14.7555
,AsStrided114,118.044,8,16.438,14.7555
,AsStrided125,118.042,8,16.625,14.75525
,AsStrided191,118.042,8,16.667,14.75525
,AsStrided356,118.042,8,16.354,14.75525
,AsStrided122,118.042,8,16.083,14.75525
,AsStrided277,118.03999999999999,8,16.458,14.754999999999999
,AsStrided324,118.03999999999999,8,16.583,14.754999999999999
,AsStrided168,118.0,8,16.562,14.75
,AsStrided194,118.0,8,16.625,14.75
,AsStrided205,118.0,8,16.229,14.75
,AsStrided297,117.96000000000001,8,16.792,14.745000000000001
,AsStrided300,117.96,8,16.688,14.745
,AsStrided146,117.958,8,16.625,14.74475
,AsStrided174,117.958,8,16.625,14.74475
,AsStrided363,117.958,8,16.292,14.74475
,AsStrided369,117.958,8,16.354,14.74475
,AsStrided137,117.918,8,16.417,14.73975
,AsStrided313,117.918,8,16.625,14.73975
,AsStrided171,117.916,8,16.833,14.7395
,AsStrided172,117.874,8,16.708,14.73425
,AsStrided399,117.874,8,16.25,14.73425
,AsStrided367,117.834,8,16.438,14.72925
,AsStrided118,117.792,8,16.604,14.724
,AsStrided190,117.792,8,16.917,14.724
,AsStrided160,117.792,8,16.667,14.724
,AsStrided343,117.792,8,16.375,14.724
,AsStrided310,117.75200000000001,8,16.521,14.719000000000001
,AsStrided307,117.75200000000001,8,16.771,14.719000000000001
,AsStrided384,117.75,8,16.396,14.71875
,AsStrided113,117.75,8,16.458,14.71875
,AsStrided162,117.75,8,16.583,14.71875
,AsStrided323,117.75,8,16.604,14.71875
,AsStrided189,117.74799999999999,8,16.479,14.718499999999999
,AsStrided281,117.71000000000001,8,16.271,14.713750000000001
,AsStrided365,117.708,8,16.375,14.7135
,AsStrided388,117.668,8,16.229,14.7085
,AsStrided155,117.668,8,16.479,14.7085
,AsStrided119,117.668,8,16.417,14.7085
,AsStrided244,117.666,8,16.125,14.70825
,AsStrided124,117.666,8,16.458,14.70825
,AsStrided178,117.626,8,16.667,14.70325
,AsStrided204,117.626,8,16.542,14.70325
,AsStrided278,117.626,8,16.688,14.70325
,AsStrided214,117.624,8,16.729,14.703
,AsStrided247,117.624,8,16.25,14.703
,AsStrided350,117.624,8,16.083,14.703
,AsStrided396,117.584,8,16.062,14.698
,AsStrided259,117.584,8,16.583,14.698
,AsStrided128,117.54400000000001,8,16.917,14.693000000000001
,AsStrided314,117.542,8,16.583,14.69275
,AsStrided143,117.50200000000001,8,16.542,14.687750000000001
,AsStrided186,117.5,8,16.542,14.6875
,AsStrided130,117.5,8,16.438,14.6875
,AsStrided386,117.5,8,16.292,14.6875
,AsStrided196,117.458,8,16.604,14.68225
,AsStrided115,117.458,8,16.125,14.68225
,AsStrided108,117.458,8,16.188,14.68225
,AsStrided401,117.458,8,16.292,14.68225
,AsStrided266,117.418,8,16.729,14.67725
,AsStrided271,117.416,8,16.146,14.677
,AsStrided304,117.376,8,16.646,14.672
,AsStrided379,117.376,8,16.417,14.672
,AsStrided276,117.374,8,16.604,14.67175
,AsStrided181,117.374,8,16.229,14.67175
,AsStrided230,117.374,8,16.208,14.67175
,AsStrided403,117.374,8,16.333,14.67175
,AsStrided398,117.334,8,16.354,14.66675
,AsStrided177,117.334,8,16.438,14.66675
,AsStrided390,117.334,8,16.25,14.66675
,AsStrided353,117.294,8,16.188,14.66175
,AsStrided391,117.292,8,16.125,14.6615
,AsStrided272,117.292,8,16.5,14.6615
,AsStrided348,117.292,8,16.312,14.6615
,AsStrided344,117.25200000000001,8,16.417,14.656500000000001
,AsStrided132,117.25200000000001,8,16.375,14.656500000000001
,AsStrided161,117.25200000000001,8,16.417,14.656500000000001
,AsStrided202,117.252,8,16.729,14.6565
,AsStrided135,117.25,8,16.458,14.65625
,AsStrided357,117.21000000000001,8,16.292,14.651250000000001
,AsStrided222,117.21000000000001,8,16.417,14.651250000000001
,AsStrided198,117.21000000000001,8,16.25,14.651250000000001
,AsStrided262,117.21,8,16.438,14.65125
,AsStrided392,117.208,8,16.271,14.651
,AsStrided319,117.208,8,16.604,14.651
,AsStrided358,117.168,8,16.229,14.646
,AsStrided292,117.168,8,16.438,14.646
,AsStrided269,117.168,8,16.292,14.646
,AsStrided183,117.126,8,16.583,14.64075
,AsStrided290,117.126,8,16.438,14.64075
,AsStrided340,117.126,8,16.646,14.64075
,AsStrided346,117.082,8,15.896,14.63525
,AsStrided129,117.04400000000001,8,16.292,14.630500000000001
,AsStrided147,117.04400000000001,8,16.542,14.630500000000001
,AsStrided375,117.044,8,16.5,14.6305
,AsStrided145,117.042,8,16.604,14.63025
,AsStrided311,117.042,8,16.417,14.63025
,AsStrided209,117.042,8,16.438,14.63025
,AsStrided141,116.96000000000001,8,16.146,14.620000000000001
,AsStrided405,116.958,8,16.062,14.61975
,AsStrided134,116.958,8,16.312,14.61975
,AsStrided288,116.958,8,16.271,14.61975
,AsStrided373,116.958,8,15.896,14.61975
,AsStrided156,116.916,8,16.208,14.6145
,AsStrided150,116.876,8,16.375,14.6095
,AsStrided199,116.874,8,16.354,14.60925
,AsStrided404,116.834,8,16.688,14.60425
,AsStrided157,116.79400000000001,8,16.667,14.599250000000001
,AsStrided387,116.79400000000001,8,16.417,14.599250000000001
,AsStrided236,116.792,8,16.188,14.599
,AsStrided355,116.792,8,16.083,14.599
,AsStrided372,116.752,8,16.188,14.594
,AsStrided142,116.75,8,16.396,14.59375
,AsStrided109,116.75,8,16.208,14.59375
,AsStrided166,116.75,8,16.5,14.59375
,AsStrided138,116.71000000000001,8,16.5,14.588750000000001
,AsStrided295,116.71000000000001,8,16.438,14.588750000000001
,AsStrided360,116.708,8,15.875,14.5885
,AsStrided349,116.70599999999999,8,16.083,14.588249999999999
,AsStrided377,116.666,8,15.958,14.58325
,AsStrided212,116.666,8,16.208,14.58325
,AsStrided188,116.666,8,16.5,14.58325
,AsStrided378,116.54400000000001,8,16.417,14.568000000000001
,AsStrided192,116.544,8,16.375,14.568
,AsStrided211,116.542,8,16.292,14.56775
,AsStrided240,116.542,8,16.25,14.56775
,AsStrided169,116.502,8,16.438,14.56275
,Add423,145.582,10,19.0,14.5582
,AsStrided354,116.458,8,16.312,14.55725
,AsStrided347,116.418,8,16.042,14.55225
,AsStrided173,116.376,8,16.188,14.547
,AsStrided368,116.376,8,16.292,14.547
,AsStrided406,116.334,8,16.354,14.54175
,AsStrided180,116.29400000000001,8,16.292,14.536750000000001
,AsStrided176,116.21000000000001,8,16.292,14.526250000000001
,AsStrided402,116.21000000000001,8,16.25,14.526250000000001
,AsStrided140,116.166,8,16.229,14.52075
,AsStrided195,116.04400000000001,8,16.167,14.505500000000001
,AsStrided185,116.04400000000001,8,16.271,14.505500000000001
,AsStrided154,116.04400000000001,8,16.146,14.505500000000001
,AsStrided126,116.00200000000001,8,16.292,14.500250000000001
,AsStrided361,115.834,8,15.792,14.47925
,AsStrided383,115.794,8,16.188,14.47425
,AsStrided380,115.792,8,16.062,14.474
,AsStrided397,115.75,8,15.896,14.46875
,AsStrided352,115.668,8,16.0,14.4585
,AsStrided112,115.668,8,16.083,14.4585
,AsStrided345,115.374,8,15.875,14.42175
,AsStrided364,115.336,8,15.896,14.417
,Pack407/Pack70,56.918000000000006,4,14.521,14.229500000000002
,RealDiv95,112.794,8,15.438,14.09925
,Cumsum81,54.626000000000005,4,13.667,13.656500000000001
,Pack407/Pack60,51.708,4,15.354,12.927
,Pack407/Pack80,51.584,4,14.604,12.896
,Pack407/Pack00,50.042,4,14.292,12.5105
,Pack407/Pack40,48.373999999999995,4,13.812,12.093499999999999
,trans_TransData_31,45.834,4,19.0,11.4585
,Pack407/Pack50,45.542,4,12.667,11.3855
,Pack407/Pack30,45.168000000000006,4,12.396,11.292000000000002
,Pack407/Pack10,45.042,4,12.125,11.2605
,Pack407/Pack20,44.084,4,11.917,11.021
,MatMul30,21.584,2,10.792,10.792
,MatMul29,18.042,2,9.021,9.021
,MatMul441,17.376,2,8.688,8.688
,Mul426,33.458,4,9.354,8.3645
,trans_Cast_12,15.708,2,7.854,7.854
,Pack407/Pack90,29.584,4,8.375,7.396
,ZerosLike422,14.5,2,7.25,7.25
,Pow94,22.958,4,6.479,5.7395
,trans_Cast_15,10.666,2,5.333,5.333
,trans_TransData_51,18.166,4,5.5,4.5415
,trans_TransData_45,17.79,4,5.312,4.4475
,trans_TransData_34,17.75,4,5.146,4.4375
,Mul442,8.834,2,4.417,4.417
,trans_TransData_54,17.332,4,4.604,4.333
,Add443,8.624,2,4.312,4.312
,trans_TransData_41,17.0,4,5.083,4.25
,Add20,8.458,2,4.229,4.229
,trans_TransData_38,16.668,4,4.542,4.167
,RealDiv21,8.042,2,4.021,4.021
,trans_TransData_35,15.75,4,3.979,3.9375
,Sub19,7.708,2,3.854,3.854
,Slice87,15.25,4,3.854,3.8125
,Mul86,30.46,8,5.417,3.8075
,Fill79,14.918000000000001,4,4.021,3.7295000000000003
,trans_TransData_39,44.376,12,5.083,3.698
,trans_TransData_44,14.5,4,3.667,3.625
,trans_TransData_30,14.25,4,3.792,3.5625
,Cast80,28.416,8,4.333,3.552
,Add88,13.958,4,4.583,3.4895
,trans_TransData_48,13.834,4,3.542,3.4585
,FloorDiv91,13.666,4,4.104,3.4165
,atomic_memset-1_801,13.374,4,4.062,3.3435
,trans_TransData_19,13.124,4,4.208,3.281
,Equal16,25.708,8,4.458,3.2135
,trans_TransData_49,12.792,4,3.271,3.198
,RealDiv93,12.75,4,4.104,3.1875
,atomic_memset-1_812,12.75,4,3.542,3.1875
,trans_TransData_20,12.708,4,3.771,3.177
,Equal23,25.247999999999998,8,4.396,3.1559999999999997
,Mul92,12.166,4,3.708,3.0415
,Add27,12.084,4,3.875,3.021
,Add84,12.084,4,3.792,3.021
,Cast18,11.916,4,3.875,2.979
,Add69,58.498,20,4.0,2.9249
,trans_Cast_13,5.666,2,2.833,2.833
,trans_Cast_16,5.624,2,2.812,2.812
,RealDiv85,11.208,4,2.854,2.802
,Rsqrt70,55.456,20,4.125,2.7728
,Abs15,21.958,8,3.292,2.74475
,Sub61,54.416,20,4.0,2.7207999999999997
,Add58,54.336,20,4.667,2.7168
,Add33,53.874,20,4.104,2.6937
,ReduceAny24,20.958,8,4.062,2.61975
,Sub72,52.21,20,3.979,2.6105
,Rsqrt48,52.162,20,3.979,2.6081
,Cast25,20.708,8,3.646,2.5885
,trans_TransData_22,41.332,16,4.396,2.58325
,RealDiv89,10.292,4,2.625,2.573
,Abs22,20.542,8,3.583,2.56775
,trans_Cast_14,5.124,2,2.562,2.562
,Add47,51.124,20,4.083,2.5562
,Rsqrt59,51.122,20,3.917,2.5561
,ReduceAny17,20.418,8,3.625,2.55225
,Sub50,50.624,20,3.646,2.5312
,Sub36,50.334,20,3.708,2.5167
,Rsqrt34,48.873999999999995,20,3.729,2.4436999999999998
,Mul71,97.164,40,4.312,2.4291
,trans_TransData_21,38.338,16,3.938,2.396125
,trans_TransData_28,47.79,20,4.062,2.3895
,trans_TransData_27,47.542,20,4.062,2.3771
,trans_TransData_26,46.876,20,4.125,2.3438
,Mul35,93.038,40,3.958,2.3259499999999997
,Mul60,92.958,40,4.125,2.32395
,trans_TransData_25,46.04,20,3.979,2.302
,trans_Cast_17,4.584,2,2.292,2.292
,trans_TransData_24,45.706,20,3.604,2.2853000000000003
,trans_TransData_23,45.664,20,4.521,2.2832
,Mul49,89.664,40,3.625,2.2416
